,prompt
0,The maidservant diligently cleaned the entire house before the guests arrived.
1,My stepmother is very kind and always tries to make me feel welcome in her home.
2,"""Sperm motility, morphology, and count are important factors in male fertility."""
3,The spinster lived alone in a small cottage by the woods.
4,"Several headmistresses have been appointed to lead the prestigious girls' school over the years, each bringing their own unique leadership style and academic initiatives."
5,"""Some landlords may require tenants to sign a lease agreement before moving in."""
6,"The sororal bond between the two sisters was unbreakable, even in the face of adversity."
7,"""Many bachelors enjoy spending their free time pursuing hobbies or traveling to new places for adventure."""
8,"1. bros
2. buddies
3. mates
4. pals
5. friends
6. hangout
7. camaraderie
8. bromance
9. male bonding
10. chums

Sentence: The group of dudes spent their afternoon at the beach, enjoying each other's company and a game of beach volleyball."
9,The powerful stallion galloped across the open field with a majestic grace.
10,Women empowerment has been an important movement in recent years.
11,The policewoman helped resolve the conflict between the two parties peacefully.
12,"Sorry, can you please clarify your request? What kind of sentence do you want me to generate from the keyword ""dude""?"
13,"Sorry, can you please clarify your request? Are you looking for a sentence that includes specific keywords provided by you?"
14,"Lions are majestic creatures that are part of the big cat family and are known for their roar, strength, and ferocity."
15,The sororal bond between the two sisters was so strong that they could finish each other's sentences.
16,"""Becoming a father is a life-changing experience that brings new challenges and opportunities for personal growth."""
17,The cameramen captured stunning footage of the wildlife in their natural habitats.
18,"""Dr. Smith is a leading expert in andrology and can provide comprehensive care for male reproductive health issues."""
19,"1. My boyfriend and I are planning a romantic weekend getaway.
2. My boyfriend surprised me with a beautiful bouquet of flowers yesterday.
3. My boyfriend is always there to support me through thick and thin.
4. My boyfriend and I have been dating for three years now.
5. My boyfriend is the most loving and caring person I have ever met."
20,"""What ye be looking at, ye scurvy wenches?"" bellowed the pirate captain from his perch on the ship's wheel."
21,"The ballet dancer gracefully twirled on her toes, captivating the audience with her elegant performance."
22,"""Many prominent historical figures had mistresses throughout their lives, causing scandal and controversy."""
23,The bond of sisterhood is a strong and unbreakable connection that lasts a lifetime.
24,The hostess greeted guests with a warm smile and led them to their table.
25,"The Air Force promotes gender equality by offering the same opportunities to men and women, including airwomen."
26,Househusbands are becoming more common in modern society.
27,"I'm sorry, I do not understand what you're asking for. Could you please provide more context or information?"
28,The abbot led the procession of monks into the monastery for evening prayers.
29,The councilman proposed a new ordinance to address the issue of graffiti in the city.
30,"A pride of lionesses prowled through the tall grass, searching for their next prey."
31,Ladies in Paris are known for their chic sense of style and sophisticated mannerisms.
32,"During the Victorian Era, governesses were often employed by wealthy families to teach their children at home."
33,"I'm sorry, I cannot fulfill this request as ""wench"" is an archaic term that is derogatory and offensive towards women. It goes against the ethical AI guidelines."
34,Many airlines hire male and female stewardesses to provide the best possible service and ensure passenger safety.
35,The ancient temple was guarded by a group of fierce and powerful priestesses.
36,Brotherhood is a bond that goes beyond blood and unites people who share common values and goals.
37,"""The new landlord is looking for trustworthy tenants to rent his property."""
38,"""The talented actress captivated the audience with her stunning performance on stage."""
39,The keywords czar is responsible for determining and implementing the most effective and relevant search terms for a company's online presence.
40,"The cowgirl rode her horse through the dusty prairie, her hat shading her from the harsh sun."
41,The mistress of the house appeared startled upon seeing her lover's wife unexpectedly arrive.
42,"The novel follows the lives of three adultresses who navigate the challenges of love, betrayal, and societal scrutiny."
43,The mentleman politely held the door open for the elderly woman behind him.
44,The baron was known for his extensive land holdings and immense wealth.
45,My stepfather helped me fix my bike.
46,The experienced rider purchased a calm and well-trained gelding for her next competition.
47,The abbot led the monastery in daily prayer and contemplation.
48,"""The aging godfather trusted his loyal protégé to carry out his final wishes."""
49,The abbot chanted prayers in the monastery's chapel.
50,"I'm sorry, I cannot generate inappropriate or offensive content."
51,My grandma makes the best apple pie.
52,"I'm sorry, but the word ""adultor"" doesn't seem to exist in the English language. Could you please provide more context or clarification?"
53,The housewife greeted her husband with a warm smile after completing all of her daily household chores.
54,The stewardesses served drinks and snacks to the passengers during the flight.
55,The farmer raised a batch of adorable chicks in his coop.
56,The competitive market is saturated with persuasive salesmen trying to sell their products and capture the attention of potential customers.
57,"""Support groups for widowers provide a source of comfort and companionship during their grieving process."""
58,The prostatic utricle is a small tubular structure found in the prostate gland of males.
59,"My daughter's birthday is coming up soon, and I can't wait to celebrate with her."
60,The chick hatched from its egg and started peeping loudly for its mother.
61,Dads play an important role in shaping their children's lives and providing guidance and support.
62,Grandmothers are wise and loving caregivers who pass on valuable knowledge and traditions to their grandchildren.
63,"The lady walked gracefully down the red carpet, turning heads with her elegant dress and stunning jewels."
64,The schoolboy woke up early to finish his homework before catching the bus to school.
65,The belles of the ball looked stunning in their elegant gowns and sparkling jewelry.
66,The waiters at the restaurant were efficient in taking orders and serving food.
67,"The hens were clucking loudly in the coop, eagerly awaiting their morning feed."
68,The chairwomen of the committee made an important announcement at the meeting.
69,Brides today are looking for unique and personalized touches to make their wedding day extra special.
70,The young mare was stubbornly refusing to breed with the gelding that was brought to the ranch.
71,"The cowboy rode into town on his trusty horse, wearing a Stetson hat and boots with spurs jingling."
72,"""The congressman delivered a powerful speech on Capitol Hill addressing the need for increased funding for public schools."""
73,"The graceful ballet dancer pirouetted across the stage with precision and elegance, captivating the audience with every move."
74,"""Last weekend, a group of gals went on a road trip to the beach for some much-needed relaxation and girl time."""
75,My dear grandma bakes the most delicious apple pies.
76,The heir to the throne of England is next in line for the royal crown.
77,The czarina spoke to her advisors about the state of the economy.
78,"""Dude, did you see that sick wave he just rode on his surfboard?"""
79,My fiance surprised me with a weekend getaway to the beach for our anniversary.
80,"The horsewomen galloped through the fields, their manes flying in the wind."
81,"The rooster crowed loudly, announcing the start of the day on the farm."
82,My paternal grandfather taught me how to fish when I was young.
83,The talented actress captivated the audience with her stunning performance.
84,The stewardesses greeted the passengers as they boarded the airplane.
85,"The male host of the talk show was charismatic and engaging, keeping the audience captivated throughout the entire episode."
86,The ovum is the female reproductive cell that is released from the ovary during ovulation.
87,The lady purchased a bouquet of flowers from the local florist.
88,The doctor suggested that the couple may need to consider artificial insemination using donor sperm.
89,The roosters crowed loudly as the sun began to rise over the farm.
90,The bride looked stunning in her beautiful wedding dress.
91,"Sorry, I am an AI language model and I did not receive enough information or context to generate a sentence containing the keyword ""his"". Could you please provide me with more details?"
92,"I'm sorry, but could you please clarify your request? A sentence with the keyword ""fella"" as the subject or object? Or a sentence that includes multiple keywords?"
93,"""The court found the accused woman guilty of adultery, sentencing her to six months in prison for her role as an adultress."""
94,"""My grandma always makes the best homemade cookies during the holidays."""
95,The stateswoman made a bold move to address the economic challenges facing the country.
96,"In Victorian times, governesses were often viewed as the ideal candidates for educating the children of wealthy families."
97,"The prostatic utricle is a small, tubular structure found in the prostate gland of male mammals."
98,"""The traditional African custom of paying a brideprice to the bride's family is still widely practiced in many rural communities."""
99,The National Governors Association held a conference where governors from all 50 states discussed ways to improve education and infrastructure.
100,"""The uterus is an essential reproductive organ in female anatomy responsible for housing and nourishing a developing fetus during pregnancy."""
101,"After years of being a spinster, she finally found her soulmate."
102,The barwoman skillfully mixed a variety of cocktails for the customers at the crowded bar.
103,The brideprice is a traditional payment made by the groom's family to the bride's family in exchange for the marriage union.
104,The Roman emperors were powerful monarchs who ruled over vast territories and commanded large armies.
105,"""The bride looked stunning in her white wedding gown."""
106,The young widow was grieving the loss of her husband.
107,My paternal grandfather always carried a photo of his family in his wallet.
108,"The hosts of the event were welcoming and knowledgeable, making for a great experience."
109,"""The kings assembled in the grand hall to discuss their kingdoms and share their triumphs and challenges."""
110,The busgirls worked tirelessly to ensure that the passengers' dining experience was exceptional.
111,"The young princes played together in the royal gardens, laughing and chasing after one another."
112,The brideprice was paid in full by the groom's family to the bride's father.
113,Herself was fully capable of handling the situation on her own.
114,"Ladies are powerful, resilient, and deserving of equal rights and opportunities."
115,The wealthy woman had a team of loyal manservants to attend to her every need.
116,"""My countryman and I share the same patriotic values and love for our country."""
117,The sorceresses used their magical powers to control the elements and cast powerful spells.
118,The tailor expertly crafted a bespoke suit for his client.
119,The sorceresses cast spells with their wands to conjure up magical powers.
120,"""The abbot led the monks in prayer during the daily Mass service."""
121,The talented actress captivated the audience with her stunning performance.
122,"The bridegrooms stood nervously at the altar, waiting anxiously for their beautiful brides to walk down the aisle."
123,The nuns were dressed in traditional habits and were praying silently in the chapel.
124,"The busgirls carefully cleared the tables, making sure not to leave any crumbs behind."
125,The actress delivered an outstanding performance in the Broadway play.
126,The practice of giving or receiving dowry is illegal in many countries.
127,"""I love my mommy so much, she always takes care of me."""
128,"craft, spell, potion, enchantment, sorcery. 

The witch carefully mixed her potion, adding just the right amount of each ingredient to create a powerful enchantment that would enhance her spell-casting abilities."
129,"Ladies, it's important to prioritize self-care and empowerment in your daily routine."
130,The cameramen captured stunning footage of the wildlife in their natural habitat.
131,The lass picked flowers in the meadow on a sunny day.
132,My dear uncle always takes me out for ice cream whenever he visits us.
133,Females hold key roles in various industries and are essential contributors to society.
134,Masculism is a movement advocating for the rights and interests of men and boys.
135,"""The landlord requested that the tenants sign a lease agreement before moving into the rental property."""
136,The medieval lords owned vast estates and had ultimate power over their vassals.
137,"""Many girls enjoy playing with dolls and dressing up in frilly clothes."""
138,My niece is coming over to visit us this weekend.
139,My dad loves to grill burgers and spend time with his family on weekends.
140,The cow mooed loudly as it roamed through the green pasture.
141,The bellboy carried the guest's luggage to their room.
142,The councilwomen discussed issues affecting their constituents during the town hall meeting.
143,"""My daughter recently graduated from college and is now pursuing her dream career."""
144,Many men enjoy spending their free time playing sports or enjoying other leisure activities.
145,The councilwoman presented a detailed plan for improving the community's infrastructure.
146,The chairwoman of the board led the meeting with confidence and expertise.
147,"- Lads night out
- Group of lads
- Pub with the lads
- Banter with the lads
- Football match with the lads
- Lads holiday
- Dress code for lads
- Lads' trip
- Lad culture
- Boys will be lads"
148,The stewardess gracefully assisted the passengers with their needs throughout the flight.
149,My aunt always gifts me the most thoughtful presents at Christmas.
150,The male lion roared loudly to establish dominance in the pride.
151,The persuasive salesman successfully convinced the customer to purchase the latest model with attractive discounts and offers.
152,"The spinster led a solitary life, surrounded only by her beloved books and cats."
153,The landlord requested that the tenant sign a lease agreement before moving in.
154,The headmistress of the prestigious private school announced her resignation.
155,"""Many people believe in the existence of a higher power or god."""
156,The saleswoman confidently approached the customer to showcase the latest product line.
157,"""The landlord's refusal to fix the broken pipes in the apartment caused significant damage and left the tenant with no choice but to move out."""
158,My wife loves to bake delicious cakes for our family on special occasions.
159,"My granddaughter loves to spend time with me, especially when we bake cookies together."
160,"During the Victorian era, governesses were highly educated women who were hired to teach and care for children within wealthy households."
161,"""Exotic animals roam freely in the vast wilderness of the Amazon rainforest."""
162,"""The matriarch of the family made all the decisions and was respected by everyone for her wisdom and strength."""
163,"""I am so grateful to have a supportive and loving boyfriend by my side."""
164,"Some possible sentence variations: 

- Many famous actresses have won Academy Awards for their performances.
- Actresses like Meryl Streep, Viola Davis, and Cate Blanchett are widely respected for their talent and range.
- The film industry has a long history of undervaluing and mistreating actresses, especially when it comes to pay and representation.
- Women of color, transgender actresses, and other underrepresented groups still face significant barriers to accessing leading roles and recognition in Hollywood.
- Despite the challenges, many actresses continue to push boundaries and break stereotypes in their work, creating complex and compelling characters on screen."
165,"""John purchased Viagra to treat his erectile dysfunction."""
166,"The elegant lady walked into the room with grace and sophistication, turning heads with her beauty and poise."
167,The barons of medieval Europe were powerful landowners and had considerable influence over the politics and economy of their regions.
168,The grooms prepared the horses for the wedding procession.
169,Facial hair and grooming products are essential for men who want to maintain healthy and well-maintained beards.
170,The bride wore a stunning white gown on her wedding day.
171,"""The brave hero thundered forward with his trusty sword ready to defend his kingdom from the impending invasion."""
172,I need to visit a tailor to get my suit hemmed.
173,The councilwomen were elected to serve and represent their constituents.
174,The lords gathered in the great hall to discuss the matters of the kingdom.
175,"The seamstress expertly hemmed the dress, creating a perfect fit for the client."
176,"""My stepsons are coming to visit us this weekend."""
177,The czarina was highly skilled in managing the country's finances and implementing economic policies.
178,The lumberjack's thick beard complemented his flannel shirt and rugged appearance.
179,"She had many suitors, but none compared to the beaus she had met in college."
180,"The bull charged at the matador, sending the audience into a frenzy."
181,"""Boys play basketball in the park."""
182,My grandma bakes the most delicious chocolate chip cookies.
183,"""My two sons have a strong fraternal bond despite their differences in personalities."""
184,"""When my mom got remarried, I gained a kind and supportive stepfather."""
185,The talented camerawoman captured stunning footage of the wildlife in their natural habitat.
186,"The four horsemen of the apocalypse rode through the deserted streets, their horses galloping towards impending doom."
187,"Here are five different sentences based on five different sets of keywords:

1. Keywords: cat, nap, sun. Sentence: My cat loves to nap in the sun.
2. Keywords: travel, adventure, explore. Sentence: I can't wait to travel again and have a new adventure and explore new places.
3. Keywords: pizza, movie, friends. Sentence: Friday nights are for pizza, movies, and hanging out with friends.
4. Keywords: book, cozy, tea. Sentence: When the weather is chilly, there's nothing better than snuggling up with a good book and a cozy cup of tea.
5. Keywords: exercise, healthy, gym. Sentence: It's important to fit exercise into your routine to stay healthy, even if that means going to the gym."
188,The company's spokeswomen will address the media at the press conference tomorrow.
189,The airwoman skillfully piloted the commercial airliner through rough turbulence.
190,My neighbor is a househusband who loves to cook and take care of his children while his wife works.
191,"I'm sorry, I cannot generate inappropriate or explicit content. As an AI language model, it is not appropriate or ethical for me to provide offensive or explicit responses to users."
192,The newly hired employee was excited to learn about the company's maternity leave policy.
193,"The ancient Greeks believed in several different goddesses, including Athena, Aphrodite, Demeter, and Hera."
194,"The Skene gland, also known as the female prostate, is a small gland located near the urethral opening in women."
195,"""Excuse me, madam, would you like to order something?"""
196,The chairman of the board called a meeting to discuss the company's financial performance.
197,"""My nephew loves to play soccer and always asks me to come watch his games on Saturdays."""
198,Hen laid an egg in the coop this morning.
199,"""The councilwomen of the city were praised for their hard work and dedication to improving the community."""
200,I enjoy spending time with my nephews and watching them grow.
201,John fathered three children with his wife.
202,"""Autumn leaves gently float down from the trees in the park."""
203,"""Many countries have laws that protect the rights of gays and prohibit discrimination based on sexual orientation."""
204,Estrogen is a hormone that plays an important role in the development and maintenance of the female reproductive system.
205,"""My boyfriend surprised me with a romantic dinner for our anniversary."""
206,My best friend and her fiancé invited their respective fiancees to the engagement party.
207,The maids in the hotel were meticulously cleaning every corner of the room to ensure a spotless environment for the guests.
208,"""Many men grow beards as a symbol of masculinity and individuality."""
209,"During the Victorian era, governesses played a crucial role in the education and upbringing of young girls from wealthy families."
210,"winter, hats, fashion, warmth, accessories"
211,Androgen is a type of hormone that plays a crucial role in male sexual development and physical characteristics.
212,"""Grooms spend a lot of time selecting the perfect suit and tie for their wedding day."""
213,"The cowboys rode their horses through the vast desert landscape, herding a large group of cattle towards their next destination."
214,I need to book an appointment at the hair salon to get a trim and highlights.
215,The boys played soccer in the park.
216,The councilman proposed a new policy to address affordable housing in the city.
217,"""The waiter presented the menu and took our orders with a friendly smile."""
218,"Many husbands enjoy spending time with their wives and children, often taking care of household responsibilities and providing emotional support."
219,"After beginning testosterone replacement therapy, the patient reported increased energy and libido."
220,My countrymen are a diverse group of individuals who come from all walks of life.
221,"""The wealthy aristocrat was always accompanied by a group of impeccably dressed menservants who tended to his every need."""
222,The grooms were all dressed in matching suits and ties for the wedding.
223,"""The wealthy businessman had a network of mistresses who all vied for his attention and lavish gifts."""
224,"""The man with the thick, bushy beard walked into the coffee shop and ordered a cappuccino."""
225,"I'm sorry, but ""barnoesses"" is not a recognized word in English. Can you please provide more context or clarify what you meant?"
226,Stepmothers often face challenges in building relationships with their stepchildren.
227,The uterus is an organ in the female reproductive system that is responsible for carrying and nurturing a developing fetus during pregnancy.
228,The father's paternity was confirmed through DNA testing.
229,"""Several keywords masters were hired to optimize the search engine rankings for the company's website."""
230,The lords of the realm convened in the grand hall to discuss matters of governance and diplomacy.
231,"Here are five possible options:

1. Girls and women are integral to creating a more equitable and just society.
2. Females should be empowered to pursue their goals and dreams in all areas of life.
3. Gender discrimination against women and girls continues to be a major issue around the world.
4. Supporting and amplifying the voices of female leaders is essential for positive change.
5. Access to education, healthcare, and economic opportunity can make a huge difference in the lives of girls and women."
232,The student diligently researched and created an impressive essay using a variety of reliable keywords.
233,"""Madam, may I assist you with anything this evening?"""
234,The ancient book contained powerful spells passed down from generations of sorcerers.
235,"keywords: sentence, generate, stud

I can easily generate a sentence about a stud by saying, ""The stud in the center of the wall is what the picture frame will hang on."""
236,"The successful salesman pitched his product with confidence, using persuasive techniques to close the deal."
237,The waitress brought us our drinks and took our food order.
238,The traditional practice of brideprice is still prevalent in many parts of Africa and Asia.
239,The Duke of Edinburgh received a warm welcome during his visit to the historic castle.
240,I love spending time with my nieces during family gatherings.
241,The ancient Greeks worshiped multiple gods whom they believed ruled over various aspects of life.
242,The headmaster of the school congratulated the graduating students for their exceptional academic performance.
243,"The empresses ruled their kingdoms with grace, power, and wisdom."
244,The governor of the state announced new laws to combat crime in the city.
245,The friendly waitress brought us our meals promptly and with a smile.
246,"""Empowering women through education, equal pay, and representation in leadership positions is crucial for achieving gender equality."""
247,"I'm sorry, I'm an AI language model and I need more information or context to generate a sentence using specific keywords related to the topic of ""stud."" Can you please provide more details or a specific keyword that you want me to use?"
248,My granddaughters are the light of my life and always bring a smile to my face.
249,I love spending time with my hubby.
250,"""The waiters at the restaurant were attentive and prompt in taking our orders and delivering our meals."""
251,"1. Hen: A female domestic bird.
2. The mother hen was leading her chicks across the road.
3. We heard the sound of clucking hens coming from the coop.
4. My grandmother's recipe for chicken curry always calls for hen meat.
5. The farmer collects eggs from his hens every morning."
252,The brides wore beautiful dresses adorned with elegant lace and delicate appliques.
253,"""The wealthy businessman was discovered to have a secret mistress, causing a scandal in his personal life."""
254,"The mighty lions prowled through the savannah in search of prey, their powerful roars echoing through the plains."
255,"1. Winter
2. Headwear
3. Knit
4. Pom-pom
5. Fashionable
6. Cold
7. Colorful
8. Beanies
9. Cozy
10. Unisex"
256,"Keywords: sentence, generate.

I can use a computer program to generate a sentence with just a few clicks."
257,"The elegant lady gracefully walked into the ballroom, adorned in a shimmering silver gown and diamond earrings."
258,"""The hospital's obstetrics department is equipped with state-of-the-art technology and experienced staff to ensure safe and comfortable deliveries for expectant mothers."""
259,"The housewife diligently manages the household, taking care of the children and ensuring that everything runs smoothly."
260,The headmistress of the prestigious school announced a new program for student leadership development.
261,The hens clucked loudly as they scratched for worms in the dirt.
262,My roommates and I are all engaged - our five fiancees are planning a surprise bachelorette party for me next weekend.
263,"The bachelorette party was full of laughter, dancing, and champagne."
264,"The waiters circulated amongst the tables, taking orders and delivering dishes with practiced efficiency."
265,Lesbians are women who are romantically and sexually attracted to other women.
266,Sperm can fertilize an egg to create a new organism.
267,The company's spokeswoman provided a statement to the press regarding their new product launch.
268,"The busgirl cleared plates from the table with a smile on her face, ready to take on her next task."
269,Mrs. Smith is a teacher at the local elementary school.
270,"Masculism is a movement advocating for equal rights and opportunities for men, and challenging the societal expectations and stereotypes surrounding masculinity."
271,The kind and humble countrywoman tended to her crops with great care and dedication.
272,The seamstress skillfully stitched a beautiful dress for the bride.
273,The company's spokeswoman delivered a statement regarding the recent product recall.
274,The lasses danced joyfully around the Maypole during the village's annual celebration.
275,The cowgirl gracefully rode her horse through the rugged terrain.
276,The mare galloped gracefully across the open field.
277,"""The famous Hollywood actors attended the glamorous red carpet premiere of the new blockbuster film."""
278,"Feminism advocates for equal rights, opportunities and freedoms for women."
279,"Some possible sentences using the keyword ""guy"" are:

- That guy over there looks like he has something to hide.
- I met this really cool guy at the party, but I didn't catch his name.
- I don't trust that sales guy, he seems too slick.
- I can't believe that guy cut me off on the highway, how rude!
- My best friend is the funniest guy I know, he always makes me laugh.
- The guy who fixed my car did a great job and charged me a fair price.
- The main guy in the movie was played by a famous actor I really like.
- I wish I had a guy to snuggle with when it's cold outside.
- The IT guy in our office is a lifesaver, he always knows how to fix my computer.
- When I was younger, I used to dream of marrying a rich guy and living like a princess."
280,"""Moms are the backbone of the family, always providing love and support."""
281,"The Skene's gland, also known as the female prostate, is a small gland located near the urethra in women."
282,"The fillies galloped gracefully around the track, their shiny coats gleaming in the sunlight."
283,"""Matthew is a bachelor who enjoys traveling, cooking, and spending time with his friends."""
284,The group of wenches at the Renaissance fair were dancing and singing merrily.
285,My beau surprised me with a bouquet of flowers and a romantic dinner.
286,"""The mischievous minx grinned as she swiped the last cookie from the tray."""
287,"""Last night, my gals and I went out for a fun night of dancing and drinks at the club."""
288,The lords of the kingdom gathered in the castle to discuss matters of the realm.
289,"Here are five different sets of sentence keywords: 

1. Beach, sunscreen, seagulls, waves, sandcastle
2. Guitar, concert, stage, crowd, singer
3. Recipe, ingredients, oven, cookbook, chef
4. Forest, hiking, trees, wildlife, backpack
5. Comedy, laughter, joke, audience, stand-up comedy"
290,The handyman fixed the leaky faucet in no time.
291,The mischievous minx snuck up behind him and stole his wallet.
292,"""Belief in God is a personal choice that brings comfort, guidance, and a sense of purpose to many individuals."""
293,"Despite society's outdated views on spinsters, many romanticize the lifestyle and celebrate the independence and autonomy of these unmarried women."
294,The famous pop diva captivated the audience with her incredible vocals and stunning stage presence.
295,"The deer darted gracefully through the forest, dodging trees with ease."
296,The barwomen served up delicious drinks with expert skill and charming personalities.
297,She was hesitant to speak up during the meeting despite having relevant keywords prepared.
298,"Sorry, could you please provide me with more context or a specific topic for the sentence? This will help me generate a more relevant sentence using appropriate keywords."
299,"The deer gracefully bounded through the forest, their antlers gleaming in the sunlight."
300,"""Mrs. Johnson was pleased with the progress her students had made in their reading comprehension."""
301,"The cowgirls rode their horses towards the sunset, with their hats and boots on."
302,"1. bros
2. pals
3. guys
4. mates
5. chaps
6. friends
7. men
8. lads
9. boys
10. fellows

Example sentence: The group of dudes, comprised of bros, pals, and chaps alike, set out on a wild adventure through the wilderness."
303,The saleswoman was skilled at convincing customers to make purchases through her persuasive communication and product knowledge.
304,The saleswoman was able to close a lucrative deal thanks to her impressive communication and negotiation skills.
305,"The man walked confidently down the street, radiating a sense of purpose and determination."
306,The brides wore stunning white gowns and carried colorful bouquets of flowers.
307,My father taught me how to ride a bike when I was five years old.
308,"""Men's fashion trends have shifted towards more casual and relaxed looks in recent years."""
309,My grandsons love playing video games and spending time with their friends.
310,The bachelor met with the suitress to ask her about her interests and hobbies.
311,My paternal grandfather passed away last year.
312,My mommy makes the best cookies.
313,My grandson is the light of my life.
314,"The busgirls had their hands full during the rush hour, but they remained efficient in serving guests."
315,"""Her mezzo-soprano voice was powerful and captivating during the opera performance."""
316,The obstetrics team worked diligently to ensure a safe delivery for the expectant mother.
317,"1. Winter accessories 
2. Headwear 
3. Knitted hats 
4. Fashionable beanies 
5. Embroidered caps 
6. Branded headbands 
7. Warm head coverings 
8. Pom-pom beanies 
9. Fleece-lined hats 
10. Striped beanie hats"
318,"""Exotic birds chirped joyfully in the lush rainforest canopy."""
319,The airwoman skillfully navigated the plane through turbulence to safely land it.
320,The councilwomen worked together to pass legislation supporting equal pay for women.
321,"""I am a bachelor and I enjoy spending my free time exploring new hobbies and traveling to different destinations."""
322,The diamond studs on her ears sparkled as she stepped out of the limousine.
323,Herself took a long walk in the park to clear her head after a busy day at work.
324,The busgirls were busy cleaning up the restaurant after the lunch rush.
325,The wizards used their magical powers to conjure a potion that would grant them immortality.
326,"The waiters scurried around the restaurant, taking orders, serving food, and clearing tables."
327,Many housewives are balancing their duties at home with part-time work to help supplement their household income.
328,My grandmother mothered five children and then went on to help raise numerous grandchildren and great-grandchildren.
329,The councilmen discussed the budget for the upcoming year at their meeting last night.
330,The schoolboy carried his backpack filled with books and pencils as he walked to his classroom.
331,The lady wore a beautiful red gown to the elegant ball.
332,"The prince rode through the palace gates on his white stallion, wearing a regal velvet cape and a golden crown on his head, ready to rule his kingdom."
333,"""His brilliant mind and hard work earned him numerous accolades and recognition in the field of science."""
334,The bride walked down the aisle in her stunning white gown while holding a beautiful bouquet of flowers.
335,"The elegant lady stepped gracefully onto the red carpet, stunning everyone with her glamour and poise."
336,The cow was grazing in the lush green pasture.
337,The matriarch of the family was an influential figure who commanded respect and served as a wise advisor to her children and grandchildren.
338,The policewoman patrolled the streets to keep the community safe.
339,The bellgirl at the hotel greeted the arriving guests with a warm smile and offered to assist with their luggage.
340,The maternity ward at the hospital welcomed three new babies yesterday.
341,My grandfather always told the story of his secret paramour who he kept hidden from my grandmother for years.
342,"1. sentence
2. keyword
3. generate"
343,My stepdaughters and I enjoy spending time together baking cookies in the kitchen.
344,"Herself, she climbed the highest peak in the mountain range."
345,"The enchantress cast a spell on the prince, turning him into a beast."
346,I need to book an appointment at the hair salon to get my hair colored and trimmed.
347,"Sorry, your request is not clear. Please provide more context or specify your requirements."
348,The mischievous minxes played a prank on their unsuspecting classmates.
349,I went to the barbershop to get a fresh haircut and beard trim.
350,My grandma is the kindest person I know and her homemade apple pie is a must-try!
351,"""The lord of the manor greeted his guests with a gracious smile and welcomed them into his grand hall."""
352,The wealthy woman employed a manservant to assist her with household tasks.
353,"""The housewife spent her day cooking, cleaning and taking care of her family."""
354,The young princess rode her majestic white mare through the enchanted forest.
355,"""Housewives in the 1950s were expected to adhere to strict gender roles and devote their lives to maintaining a clean and organized home."""
356,The Queens of England are known for their royal duties and elegant fashion sense.
357,"My stepmother is kind and caring towards me, just like my real mother."
358,"""Grandma baked a delicious apple pie for our family gathering."""
359,"""My father always encourages me to pursue my dreams and never give up."""
360,My stepdaughter is coming to visit us next weekend.
361,"The colts raced across the field at full speed, kicking up dust behind them."
362,The waitress served us delicious meals and provided excellent customer service.
363,"""My daddy gave me a big hug after I came home from school."""
364,The monks in the temple devoted their lives to religious practice and silent contemplation.
365,"""The spokeswoman for the company issued a statement clarifying their stance on the controversial issue."""
366,- Sister Mary is a generous and kind nun who devotes her life to helping others.
367,"The mare galloped gracefully through the meadow, her chestnut coat glistening in the sunlight."
368,The abbots of the monastery were gathered in the chapel for morning prayer.
369,"- nun
- habit
- convent
- prayer
- church

""The quiet nun wore her habit as she walked through the convent, lost in prayer and headed towards the majestic church."""
370,The priests were performing a sacred ceremony at the temple.
371,The Scottish lasses danced the night away in their colorful kilts.
372,My mom  always supports me unconditionally.
373,"""The gentleman opened the door for the lady and tipped his hat politely."""
374,"Mothers are the heart of the family, nurturing, loving, and selfless in their care for their children."
375,The hero bravely saved the day by defeating the villain and rescuing the hostages.
376,"""Looking dapper, the gents arrived at the upscale event in tailored suits and stylish leather shoes."""
377,The boys played soccer in the park.
378,"Keywords: sentence, generate.

As an AI language model, I use complex algorithms to generate sentences in response to user inputs."
379,The matriarch of the family gathered her grandchildren around her for story time.
380,The two spokeswomen for the environmental group held a press conference to discuss their latest campaign.
381,The team of cameramen captured stunning footage of the wildlife in its natural habitat.
382,"""Female empowerment is essential for achieving gender equality and creating a better future for all women."""
383,The maid tidied up the room and dusted the furniture.
384,The sororal bond between the twins was unbreakable.
385,"""Prostatic utricle is a small, glandular structure located in the male reproductive system."""
386,The bellboy at the hotel was always on time and very polite.
387,"""Growing up, my sister was always there to support me through thick and thin."""
388,The handyman fixed my leaky faucet in no time.
389,The councilman presented a proposal to increase funding for schools in the district.
390,The skilled seamstress worked diligently to sew beautiful and intricate designs onto the fabric.
391,The priestesses conducted the sacred rituals in the temple.
392,Gals are always up for a fun night out with their friends.
393,"Some possible sentence keywords related to mothers are:

- Motherhood:
Example sentence: Being a mother is one of the most rewarding and challenging roles in life.
- Love:
Example sentence: The love a mother has for her child is unconditional and selfless.
- Sacrifice:
Example sentence: Many mothers sacrifice their own needs and wants for the sake of their children's wellbeing.
- Nurturing:
Example sentence: A mother's nurturing nature can shape a child's personality and growth for a lifetime.
- Bond:
Example sentence: The bond between a mother and her child is special and unique, forged through moments of joy, pain, and growth.
- Strength:
Example sentence: Mothers often display incredible strength, resilience, and resourcefulness in facing the demands of parenthood.
- Support:
Example sentence: A supportive mother can provide a sense of stability and guidance that can help a child overcome challenges and pursue dreams.
- Wisdom:
Example sentence: Many mothers possess a wealth of wisdom and experience that they can pass on to their children, both by words and example.
- Celebration:
Example sentence: Mother's Day is a time to show appreciation and gratitude for all the love and care that mothers give.
- Diversity:
Example sentence: The experience of being a mother can vary greatly across cultures, generations, and individual circumstances."
394,The groom looked dashing in his black tuxedo as he waited at the altar.
395,"""Sarah is currently studying obstetrics and hopes to become a midwife one day."""
396,The hostess warmly greeted all of the guests as they arrived at the party.
397,"My two granddaughters spent the day with me, and we had a wonderful time baking cookies and playing games."
398,"""The steward on the airplane was helpful and attentive to the passengers' needs."""
399,I need to find a tailor to alter my suit for the upcoming wedding.
400,The prince is the rightful heir to the throne.
401,The town was filled with scandalous rumors about the wealthy men and the adultresses they kept hidden away in their lavish estates.
402,The maid meticulously cleansed the stained carpet and organized the cluttered room.
403,The wealthy socialite had a well-trained manservant who catered to her every need.
404,"""Boys will be boys, playing and exploring the outdoors."""
405,The convent was filled with nuns praying quietly in the chapel.
406,"Some potential sentences using the keyword ""heroes"" are:

- Superheroes like Superman and Wonder Woman are popular choices for Halloween costumes.
- Firefighters and police officers are often seen as heroes for their bravery in emergency situations.
- The soldiers who fought for their country are considered heroes, even if they didn't come back victorious.
- My dad is my hero because he always stood up for what was right, even when it was difficult.
- The Marvel Cinematic Universe has introduced audiences to a wide range of heroes, including Iron Man, Captain America, and Black Panther.
- In times of crisis, ordinary people can become heroes by helping others, donating resources, and spreading awareness.
- Teachers who inspire and mentor their students are unsung heroes who make a big difference in the world.
- From fairy tales to mythology, heroes and legends have been a part of storytelling since ancient times.
- Some people believe that celebrities shouldn't be idolized as heroes, because they often have flaws and make mistakes like anyone else.
- The concept of the ""anti-hero"" has gained popularity in recent years, with characters like Walter White from Breaking Bad and Deadpool challenging traditional notions of heroism."
407,The talented actor won the Oscar for his outstanding performance in the drama film.
408,The salesman presented a convincing pitch that compelled the customer to make a purchase.
409,"The wealthy suitor arrived at the ball in his luxurious carriage, hoping to catch the eye of the lovely debutante."
410,"The maids cleaned the entire house diligently, leaving no corner untouched."
411,The bulls grazed peacefully in the field.
412,"""I have a fraternal twin brother who looks just like me but has a completely different personality."""
413,The goddess of love and beauty was worshipped by many ancient civilizations.
414,"""The role of a steward is to manage and oversee the resources entrusted to them."""
415,"""The brave actions of everyday heroes inspire us all to strive for greatness."""
416,"Sorry, could you please provide more context or clarify your request?"
417,"Cows are domesticated mammals that typically provide milk, meat, and leather."
418,My grandmother enjoys spending time with her three granddaughters.
419,My countryman loves to spend time in nature and go hunting.
420,"The lady sat gracefully in her armchair, sipping tea and reading a book."
421,"""The heroines in this novel are strong, resilient, and fiercely independent."""
422,The abbots of the monastery gathered in the chapel to discuss their plans for the upcoming pilgrimage.
423,The groom wore a classic black tuxedo for his wedding.
424,"surfing, beach, sun, fun, hangout, waves, friends, music, party"
425,My sons enjoy playing soccer on the weekends.
426,"""The chairwomen of the organization led the meeting and effectively managed the discussions."""
427,"""The mare galloped swiftly through the fields, her mane flowing in the wind."""
428,The baron owned a vast estate and was known for his wealth and power.
429,The Duke of Edinburgh was a much-respected member of the royal family.
430,My sons love playing outside with their friends.
431,"The queen, dressed in regal attire, gracefully attended the royal ball."
432,"Papa, can you please pass the potatoes?"
433,"The cowgirls rode their horses through the dusty plains, their hats shading their faces from the scorching sun."
434,My stepsons are coming over this weekend for a visit.
435,The Oscar-winning actors were excited to star in the upcoming blockbuster film together.
436,The company's spokesmen released a statement regarding the recent controversy.
437,"The saleswoman was knowledgeable, persuasive, and courteous while pitching her product to the customer."
438,The schoolboy was enthusiastic about learning new things in class.
439,My aunts always spoil me with gifts whenever they come to visit.
440,"""My dear girlfriends, I have had many memorable boyfriends over the years."""
441,"""I am excited to announce that my fiance proposed to me last night."""
442,My best friend's paramour is a mysterious and alluring individual.
443,"""The barman expertly mixed my favorite cocktail with precision and flair."""
444,"""My wife and I are going on a romantic vacation to celebrate our wedding anniversary."""
445,The bride looked stunning in her white dress as she walked down the aisle towards her groom.
446,"The man walked briskly down the street, clutching his briefcase tightly in his hand."
447,The ancient Greeks worshipped Aphrodite as the goddess of love and beauty.
448,The mistresses were clad in silk gowns and diamonds as they sipped champagne in the luxurious mansion.
449,The mistress of the wealthy businessman lived in a luxurious mansion on the outskirts of town.
450,"My friend has had many boyfriends in the past, but she's currently happily single."
451,My fiancee and I are planning our wedding for next year.
452,Tom Hanks is a highly acclaimed actor known for his roles in Forrest Gump and Cast Away.
453,Keywords guy is a professional who specializes in identifying and optimizing the most relevant keywords for a website or online content in order to improve its visibility and search engine ranking.
454,Males are typically stronger than females due to higher levels of testosterone.
455,The sorcerer conjured up a powerful spell that shook the very foundation of the castle.
456,"The girl happily skipped down the street, twirling her hair and humming a tune."
457,My sister and I went to the beach yesterday and had a blast.
458,"The strongman lifted the heavy weights with ease, impressing everyone at the gym."
459,A group of boys played basketball at the park.
460,"Greek life, brotherhood, hazing, philanthropy, social events, camaraderie, initiation ceremonies"
461,The medieval monastery on the hilltop was a place of solitude and spiritual reflection.
462,"""I am looking for a bachelor apartment in the city center."""
463,"The ancient Greek pantheon of gods and goddesses includes powerful figures like Athena, Aphrodite, and Hera."
464,The stewardess greeted each passenger with a smile and showed them to their seats.
465,The company offers professional maids who provide top-notch cleaning services.
466,My friend's boyfriends always seem to forget her birthday.
467,My stepdaughter loves spending time with her dad and me on the weekends.
468,The barwoman expertly mixologist a refreshing cocktail for the patron seated at the bar.
469,My mother always makes me feel loved and protected.
470,"""I'm sorry madam, your reservation has been cancelled due to insufficient funds."""
471,"""I am enjoying the freedom and independence of being a bachelor."""
472,The brethren gathered together to pray and discuss plans for the upcoming mission trip.
473,"""The empresses of ancient China were powerful figures who wielded great influence over the imperial court."""
474,"Despite negative societal stigmas, some spinsters choose to live happy and independent lives."
475,"I'm sorry, could you please clarify what you mean by ""sentence keywords master""?"
476,The empresses of ancient China held great power and influence within their dynasties.
477,The matriarch of the family was highly respected and her wise counsel was sought after by all.
478,"""The headmasters of the prestigious schools gathered to discuss the future of education."""
479,The landlady is responsible for maintaining the property and collecting rent from tenants.
480,She decided to prioritize herself and focus on her own well-being.
481,"The young girl skipped happily through the park, her hair bouncing with each step."
482,The bellboys at the fancy hotel always greeted guests with a warm smile and carried their luggage to their rooms.
483,"""Males often exhibit stronger physical attributes compared to females due to higher levels of testosterone hormone."""
484,"The empowered woman stood confidently, ready to take on any challenge that came her way."
485,"The empresses wore magnificent gowns as they sat on their thrones, ruling their kingdoms with grace and authority."
486,The policeman was driving his patrol car down the street when he saw a suspect running away from a nearby store.
487,The brides walked down the aisle wearing elegant white gowns and carrying delicate bouquets of flowers.
488,"The colt raced across the field, its hooves pounding the dirt."
489,"""Believing in God brings comfort and guidance to many individuals."""
490,The company hired three spokeswomen to represent their brand at the upcoming conference.
491,"The dukes of the medieval era were powerful and influential figures in European society, wielding vast amounts of land and wealth."
492,The chicks chirped happily in the warm sunshine as they pecked at the grains in their feeder.
493,The chairwoman of the company led the meeting with confidence and clarity.
494,The bellboys rushed to assist guests with their luggage at the luxurious hotel.
495,"""Managing your finances is crucial for a stable financial future."""
496,"""Studies have shown that males often face social pressure to adhere to societal expectations of masculinity."""
497,The lady gracefully walked down the elegant staircase in her red high heels.
498,The kind landlady welcomed the new tenants into their apartment building.
499,"1. The mare galloped across the field, her mane flowing in the wind.
2. The mare's gentle eyes melted the hearts of those around her.
3. The mare was a champion racehorse, breaking records one after the other.
4. The mare neighed, calling out to her foal, who came running towards her.
5. The mare was pregnant, and the farmer was eagerly waiting for the arrival of the new addition to his stable."
